<?xml version="1.0" encoding="UTF-8"?>
<beans xmlns="http://www.springframework.org/schema/beans"
	xmlns:xsi="http://www.w3.org/2001/XMLSchema-instance"
	xmlns:context="http://www.springframework.org/schema/context"
	xmlns:mvc="http://www.springframework.org/schema/mvc"
	xmlns:tx="http://www.springframework.org/schema/tx"
	xsi:schemaLocation="http://www.springframework.org/schema/beans http://www.springframework.org/schema/beans/spring-beans-4.3.xsd
		http://www.springframework.org/schema/context http://www.springframework.org/schema/context/spring-context-4.3.xsd
		http://www.springframework.org/schema/mvc http://www.springframework.org/schema/mvc/spring-mvc-4.3.xsd
		http://www.springframework.org/schema/tx http://www.springframework.org/schema/tx/spring-tx-4.3.xsd">

	<context:annotation-config />
	<context:component-scan base-package="com"/>
	<mvc:annotation-driven />
	<bean id="viewResolver"
		class="org.springframework.web.servlet.view.InternalResourceViewResolver">
		<property name="prefix" value="/WEB-INF/views/"></property>
		<property name="suffix" value=".jsp"></property>
	</bean>
	<bean id="dataSource" class="org.springframework.jdbc.datasource.DriverManagerDataSource"> 
		<property name="driverClassName" value="org.postgresql.Driver"/>
		<property name="url" value="jdbc:postgresql://localhost:5432/postgres"/>
		<property name="username" value="postgres"/>
		<property name="password" value="postgres"/>	
		</bean>
		<bean id="sessionFactory" class="org.springframework.orm.hibernate5.LocalSessionFactoryBean">	<!-- available in spring -->
		<property name="dataSource" ref="dataSource"/>
		<property name="packagesToScan">		<!-- can scan multiple package for bean -->
		<list>
			<value>com.ata</value>
		</list>
		
		</property>
		<property name="hibernateProperties">
		<props>
			<prop key="hibernate.dialect">org.hibernate.dialect.PostgreSQL82Dialect</prop>
			<prop key="hibernate.hbm2ddl.auto">update</prop>
			<prop key="show_sql">true</prop>
		
		</props>
		
		</property>
		
		</bean>
		<bean id="transactionManager" class="org.springframework.orm.hibernate5.HibernateTransactionManager">
			<property name="sessionFactory" ref="sessionFactory"></property>
		
		</bean>
		<tx:annotation-driven/>
	
</beans>
